paper_id,ambiguous_name,label,predicted_cluster
10.1007/s00170-006-0553-z,rajakumar_s,0000-0001-7631-8857,rajakumar_s::0001
10.1108/17410380610642296,rajakumar_s,0000-0001-7631-8857,rajakumar_s::0001
10.1088/2053-1591/ab1053,rajakumar_s,0000-0001-8011-4961,rajakumar_s::0002
10.1098/rsta.2009.0225,rajarshi_roy,0000-0002-2381-829X,rajarshi_roy::0001
10.1103/physreve.80.056205,rajarshi_roy,0000-0002-2381-829X,rajarshi_roy::0001
10.1016/j.physd.2004.03.017,rajarshi_roy,0000-0002-2381-829X,rajarshi_roy::0001
10.1038/nphoton.2008.239,rajarshi_roy,0000-0002-2381-829X,rajarshi_roy::0001
10.1063/1.1821715,rajarshi_roy,0000-0002-2381-829X,rajarshi_roy::0001
10.1103/physrevlett.107.034102,rajarshi_roy,0000-0002-2381-829X,rajarshi_roy::0001
10.1364/ol.28.002183,rajarshi_roy,0000-0002-2381-829X,rajarshi_roy::0001
10.1063/1.2150407,rajarshi_roy,0000-0002-2381-829X,rajarshi_roy::0001
10.1038/438298b,rajarshi_roy,0000-0002-2381-829X,rajarshi_roy::0001
10.1103/physreve.66.026216,rajarshi_roy,0000-0002-2381-829X,rajarshi_roy::0001
10.1103/physrevlett.101.154102,rajarshi_roy,0000-0002-2381-829X,rajarshi_roy::0001
10.1364/oe.11.003063,rajarshi_roy,0000-0002-2381-829X,rajarshi_roy::0001
10.1016/s0030-4018(99)00163-7,rajarshi_roy,0000-0002-2381-829X,rajarshi_roy::0001
10.1038/nature01334,rajarshi_roy,0000-0002-2381-829X,rajarshi_roy::0001
10.1103/physrevlett.94.088101,rajarshi_roy,0000-0002-2381-829X,rajarshi_roy::0001
10.1103/physreve.92.022903,rajarshi_roy,0000-0002-2381-829X,rajarshi_roy::0001
10.1523/jneurosci.4637-10.2011,rajarshi_roy,0000-0002-2381-829X,rajarshi_roy::0002
10.1016/s0079-6638(05)48005-1,rajarshi_roy,0000-0002-2381-829X,rajarshi_roy::0001
10.1073/pnas.1506600112,rajarshi_roy,0000-0002-2381-829X,rajarshi_roy::0001
10.1103/physreve.73.045201,rajarshi_roy,0000-0002-2381-829X,rajarshi_roy::0001
10.1103/physrevlett.93.244102,rajarshi_roy,0000-0002-2381-829X,rajarshi_roy::0001
10.1142/s0218127404011302,rajarshi_roy,0000-0002-2381-829X,rajarshi_roy::0001
10.1103/physreve.67.025604,rajarshi_roy,0000-0002-2381-829X,rajarshi_roy::0001
10.1142/s021797920302209x,rajarshi_roy,0000-0002-2381-829X,rajarshi_roy::0001
10.1103/physrevlett.87.044101,rajarshi_roy,0000-0002-2381-829X,rajarshi_roy::0001
10.1016/s1049-250x(06)54010-8,rajarshi_roy,0000-0002-2381-829X,rajarshi_roy::0001
10.1103/physrevlett.85.78,rajarshi_roy,0000-0002-2381-829X,rajarshi_roy::0001
10.1103/physreve.67.036602,rajarshi_roy,0000-0002-2381-829X,rajarshi_roy::0001
10.1103/physreve.66.066609,rajarshi_roy,0000-0002-2381-829X,rajarshi_roy::0001
10.1103/physreve.57.4757,rajarshi_roy,0000-0002-2381-829X,rajarshi_roy::0001
10.1103/physreve.58.7186,rajarshi_roy,0000-0002-2381-829X,rajarshi_roy::0001
10.1103/physrevlett.105.264101,rajarshi_roy,0000-0002-2381-829X,rajarshi_roy::0001
10.1109/jstqe.2004.837212,rajarshi_roy,0000-0002-2381-829X,rajarshi_roy::0001
10.1117/12.470556,rajarshi_roy,0000-0002-2381-829X,rajarshi_roy::0001
10.1063/1.4829626,rajarshi_roy,0000-0002-2381-829X,rajarshi_roy::0001
10.1109/tcsi.2001.972856,rajarshi_roy,0000-0002-2381-829X,rajarshi_roy::0001
10.1364/josab.23.000094,rajarshi_roy,0000-0002-2381-829X,rajarshi_roy::0001
10.1364/ao.38.003888,rajarshi_roy,0000-0002-2381-829X,rajarshi_roy::0003
10.1103/physrevlett.98.104101,rajarshi_roy,0000-0002-2381-829X,rajarshi_roy::0001
10.1103/physreve.59.4036,rajarshi_roy,0000-0002-2381-829X,rajarshi_roy::0001
10.1103/physreve.78.016208,rajarshi_roy,0000-0002-2381-829X,rajarshi_roy::0001
10.1063/1.3530425,rajarshi_roy,0000-0002-2381-829X,rajarshi_roy::0001
10.1103/physrevlett.93.084101,rajarshi_roy,0000-0002-2381-829X,rajarshi_roy::0001
10.1126/science.279.5354.1198,rajarshi_roy,0000-0002-2381-829X,rajarshi_roy::0001
10.1103/physreve.78.036203,rajarshi_roy,0000-0002-2381-829X,rajarshi_roy::0001
10.1109/tase.2012.2226154,rajarshi_roy,0000-0003-2795-056X,rajarshi_roy::0004
10.1007/s10439-014-1057-x,rajarshi_roy,0000-0003-2795-056X,rajarshi_roy::0004
10.1109/tmech.2016.2643640,rajarshi_roy,0000-0003-2795-056X,rajarshi_roy::0005
10.1109/icra.2016.7487224,rajarshi_roy,0000-0003-2795-056X,rajarshi_roy::0005
10.1016/j.mssp.2013.12.016,rajarshi_roy,0000-0003-2795-056X,rajarshi_roy::0004
10.1007/978-3-030-04021-5_18,rajarshi_roy,0000-0002-5788-9424,rajarshi_roy::0006
10.17140/vmoj-1-109,rajeev_kumar_jha,0000-0002-1541-7162,rajeev_kumar_jha::0001
10.1111/j.1444-2906.2006.01250.x,rajeev_kumar_jha,0000-0002-1541-7162,rajeev_kumar_jha::0002
10.1016/j.imlet.2006.01.004,rajeev_kumar_jha,0000-0002-1541-7162,rajeev_kumar_jha::0002
10.3126/banko.v25i1.13476,rajeev_kumar_jha,0000-0002-4677-2810,rajeev_kumar_jha::0003
10.1111/j.1747-0285.2011.01144.x,rajendra_kumar,0000-0002-7268-9519,rajendra_kumar::0001
10.1016/j.bpj.2015.12.010,rajendra_kumar,0000-0002-7268-9519,rajendra_kumar::0002
10.1093/bioinformatics/btv190,rajendra_kumar,0000-0002-7268-9519,rajendra_kumar::0002
10.1016/j.bpj.2014.01.028,rajendra_kumar,0000-0002-7268-9519,rajendra_kumar::0002
10.1007/978-3-030-05378-9_7,rajendra_kumar,0000-0002-4240-5458,rajendra_kumar::0003
10.1007/978-3-319-89339-6_8,rajendra_kumar,0000-0002-4240-5458,rajendra_kumar::0003
10.1155/2017/6171303,rajendra_kumar,0000-0001-9651-0117,rajendra_kumar::0004
10.1080/02666030.2012.659906,rajesh_kumar_singh,0000-0003-4309-4943,rajesh_kumar_singh::0001
10.1016/j.mjafi.2016.02.015,rajesh_kumar_singh,0000-0001-8493-4510,rajesh_kumar_singh::0002
10.1016/j.eneco.2015.03.011,rajesh_acharya,0000-0002-9893-0788,rajesh_acharya::0001
10.1016/j.enpol.2016.12.036,rajesh_acharya,0000-0002-9893-0788,rajesh_acharya::0001
10.1016/j.enbuild.2018.11.047,rajesh_acharya,0000-0002-9893-0788,rajesh_acharya::0001
10.3280/efe2018-001008,rajesh_acharya,0000-0002-9893-0788,rajesh_acharya::0001
10.1111/opec.12080,rajesh_acharya,0000-0002-9893-0788,rajesh_acharya::0001
10.1108/jfc-12-2015-0075,rajesh_acharya,0000-0002-9893-0788,rajesh_acharya::0002
10.1016/j.enpol.2016.12.056,rajesh_acharya,0000-0002-9893-0788,rajesh_acharya::0001
10.3126/medphoenix.v3i1.20770,rajesh_acharya,0000-0002-9555-1563,rajesh_acharya::0003
10.1063/1.4945727,rajesh_ganesan,0000-0002-1925-4487,rajesh_ganesan::0001
10.1051/epjap/2016160164,rajesh_ganesan,0000-0002-1925-4487,rajesh_ganesan::0001
10.1088/0963-0252/24/2/025018,rajesh_ganesan,0000-0002-1925-4487,rajesh_ganesan::0001
10.1063/1.4961730,rajesh_ganesan,0000-0002-1925-4487,rajesh_ganesan::0001
10.1088/0022-3727/49/8/085201,rajesh_ganesan,0000-0002-1925-4487,rajesh_ganesan::0001
10.1016/j.jallcom.2019.03.205,rajesh_ganesan,0000-0003-3435-116X,rajesh_ganesan::0002
10.3389/fvets.2019.00048,rajesh_jha,0000-0002-2891-8353,rajesh_jha::0001
10.1111/j.1574-6941.2008.00605.x,rajesh_jha,0000-0002-2891-8353,rajesh_jha::0002
10.2527/jas.2014-7910,rajesh_jha,0000-0002-2891-8353,rajesh_jha::0001
10.1111/asj.12750,rajesh_jha,0000-0002-2891-8353,rajesh_jha::0001
10.1016/j.renene.2016.03.022,rajesh_jha,0000-0002-2891-8353,rajesh_jha::0003
10.17138/tgft(4)168-178,rajesh_jha,0000-0002-2891-8353,rajesh_jha::0001
10.1111/raq.12162,rajesh_jha,0000-0002-2891-8353,rajesh_jha::0004
10.1017/s1751731115002566,rajesh_jha,0000-0002-2891-8353,rajesh_jha::0001
10.1016/j.anifeedsci.2017.09.009,rajesh_jha,0000-0002-2891-8353,rajesh_jha::0001
10.1016/j.aqrep.2018.03.001,rajesh_jha,0000-0002-2891-8353,rajesh_jha::0005
10.1016/j.anifeedsci.2015.12.002,rajesh_jha,0000-0002-2891-8353,rajesh_jha::0001
10.18805/ijar.b-881,rajesh_jha,0000-0002-2891-8353,rajesh_jha::0006
10.2147/amep.s92534,rajesh_jha,0000-0002-0197-1314,rajesh_jha::0007
10.18203/issn.2454-2156.intjscirep20160087,rajesh_jha,0000-0002-0197-1314,rajesh_jha::0007
10.1186/s13104-016-2186-0,rajesh_jha,0000-0002-0197-1314,rajesh_jha::0007
10.2147/amep.s100968,rajesh_jha,0000-0002-0197-1314,rajesh_jha::0007
10.3126/jcmsn.v13i1.16664,rajesh_jha,0000-0002-0197-1314,rajesh_jha::0007
10.1209/epl/i1996-00208-x,rajesh_narayanan,0000-0002-4312-8915,rajesh_narayanan::0001
10.1103/physrevb.70.104514,rajesh_narayanan,0000-0002-4312-8915,rajesh_narayanan::0001
